,ndvi,ndwi,cyano_index,B02,B03,B04,B05,B08,B11
ndvi,1.0,-0.9379100897220765,0.5906635833057047,0.38891731744624647,0.4892758620189303,0.45529026968906666,0.572157019285707,0.6378307563840788,0.5729463689583554
ndwi,-0.9379100897220765,1.0,-0.5719020203784386,-0.5010158460994936,-0.572481157238223,-0.5832940707004969,-0.6479556285902776,-0.7023947336644196,-0.7212126237610883
cyano_index,0.5906635833057047,-0.5719020203784386,1.0,0.24073962494034842,0.4616371431988855,0.36026038480809763,0.6224678780900944,0.54331930083235,0.3573542556736462
B02,0.38891731744624647,-0.5010158460994936,0.24073962494034842,1.0,0.8972872409851268,0.9459925043704868,0.8074092724067838,0.8647006228722308,0.864124616365559
B03,0.4892758620189303,-0.572481157238223,0.4616371431988855,0.8972872409851268,1.0,0.9636629478976217,0.956921122553281,0.9101729510760753,0.8612305127420224
B04,0.45529026968906666,-0.5832940707004969,0.36026038480809763,0.9459925043704868,0.9636629478976217,1.0,0.9168202353334026,0.9241388435696569,0.91999272366796
B05,0.572157019285707,-0.6479556285902776,0.6224678780900944,0.8074092724067838,0.956921122553281,0.9168202353334026,1.0,0.9275792245481301,0.8280991159080526
B08,0.6378307563840788,-0.7023947336644196,0.54331930083235,0.8647006228722308,0.9101729510760753,0.9241388435696569,0.9275792245481301,1.0,0.8676051876377578
B11,0.5729463689583554,-0.7212126237610883,0.3573542556736462,0.864124616365559,0.8612305127420224,0.91999272366796,0.8280991159080526,0.8676051876377578,1.0
