lago,bloque_id,n_observaciones
Amatitlan,Amatitlan_754_1596,1
Amatitlan,Amatitlan_757_1601,59
Amatitlan,Amatitlan_757_1602,970
Amatitlan,Amatitlan_757_1603,755
Amatitlan,Amatitlan_758_1601,1495
Amatitlan,Amatitlan_758_1602,3818
Amatitlan,Amatitlan_758_1603,220
Amatitlan,Amatitlan_759_1594,425
Amatitlan,Amatitlan_759_1595,4
Amatitlan,Amatitlan_759_1600,21
Amatitlan,Amatitlan_759_1601,1515
Amatitlan,Amatitlan_759_1602,2792
Amatitlan,Amatitlan_760_1594,29
Amatitlan,Amatitlan_760_1595,3
Amatitlan,Amatitlan_760_1596,1
Amatitlan,Amatitlan_760_1600,2787
Amatitlan,Amatitlan_760_1601,4317
Amatitlan,Amatitlan_760_1602,1953
Amatitlan,Amatitlan_761_1599,1048
Amatitlan,Amatitlan_761_1600,3595
Amatitlan,Amatitlan_761_1601,2280
Amatitlan,Amatitlan_761_1602,2152
Amatitlan,Amatitlan_761_1603,285
Amatitlan,Amatitlan_762_1598,1172
Amatitlan,Amatitlan_762_1599,1676
Amatitlan,Amatitlan_762_1600,1041
Amatitlan,Amatitlan_762_1601,87
Amatitlan,Amatitlan_762_1602,186
Amatitlan,Amatitlan_763_1596,740
Amatitlan,Amatitlan_763_1597,3004
Amatitlan,Amatitlan_763_1598,3953
Amatitlan,Amatitlan_763_1599,278
Amatitlan,Amatitlan_764_1595,276
Amatitlan,Amatitlan_764_1596,4046
Amatitlan,Amatitlan_764_1597,4400
Amatitlan,Amatitlan_764_1598,2187
Amatitlan,Amatitlan_764_1601,21
Amatitlan,Amatitlan_765_1595,724
Amatitlan,Amatitlan_765_1596,3283
Amatitlan,Amatitlan_765_1597,2940
Amatitlan,Amatitlan_765_1598,2676
Amatitlan,Amatitlan_765_1600,5
Amatitlan,Amatitlan_765_1601,1
Amatitlan,Amatitlan_765_1602,2
Amatitlan,Amatitlan_766_1595,2
Amatitlan,Amatitlan_766_1597,2
Amatitlan,Amatitlan_766_1598,612
Amatitlan,Amatitlan_766_1602,1
Amatitlan,Amatitlan_766_1603,1
Amatitlan,Amatitlan_767_1598,2
Atitlan,Atitlan_680_1614,68
Atitlan,Atitlan_680_1615,12
Atitlan,Atitlan_680_1616,10
Atitlan,Atitlan_680_1617,21
Atitlan,Atitlan_680_1620,1
Atitlan,Atitlan_681_1614,14
Atitlan,Atitlan_681_1615,31
Atitlan,Atitlan_681_1616,6
Atitlan,Atitlan_681_1617,64
Atitlan,Atitlan_681_1618,68
Atitlan,Atitlan_681_1619,1
Atitlan,Atitlan_681_1621,3
Atitlan,Atitlan_681_1630,13
Atitlan,Atitlan_681_1631,1
Atitlan,Atitlan_682_1614,24
Atitlan,Atitlan_682_1615,6
Atitlan,Atitlan_682_1617,6
Atitlan,Atitlan_682_1618,83
Atitlan,Atitlan_682_1619,5
Atitlan,Atitlan_682_1624,6
Atitlan,Atitlan_682_1630,2
Atitlan,Atitlan_682_1631,4
Atitlan,Atitlan_683_1614,29
Atitlan,Atitlan_683_1615,1
Atitlan,Atitlan_683_1618,24
Atitlan,Atitlan_683_1621,1
Atitlan,Atitlan_683_1622,24
Atitlan,Atitlan_683_1630,5
Atitlan,Atitlan_684_1614,19
Atitlan,Atitlan_684_1615,9
Atitlan,Atitlan_684_1616,10
Atitlan,Atitlan_684_1617,2
Atitlan,Atitlan_684_1625,502
Atitlan,Atitlan_684_1626,1519
Atitlan,Atitlan_684_1627,61
Atitlan,Atitlan_684_1631,2
Atitlan,Atitlan_685_1615,1
Atitlan,Atitlan_685_1616,3
Atitlan,Atitlan_685_1624,6
Atitlan,Atitlan_685_1625,2786
Atitlan,Atitlan_685_1626,4378
Atitlan,Atitlan_685_1627,1023
Atitlan,Atitlan_686_1616,3
Atitlan,Atitlan_686_1621,2
Atitlan,Atitlan_686_1622,8
Atitlan,Atitlan_686_1624,200
Atitlan,Atitlan_686_1625,3121
Atitlan,Atitlan_686_1626,4393
Atitlan,Atitlan_686_1627,3407
Atitlan,Atitlan_686_1628,671
Atitlan,Atitlan_687_1615,2
Atitlan,Atitlan_687_1617,1
Atitlan,Atitlan_687_1622,25
Atitlan,Atitlan_687_1623,270
Atitlan,Atitlan_687_1624,3227
Atitlan,Atitlan_687_1625,4028
Atitlan,Atitlan_687_1626,4618
Atitlan,Atitlan_687_1627,4399
Atitlan,Atitlan_687_1628,1206
Atitlan,Atitlan_688_1614,11
Atitlan,Atitlan_688_1615,4
Atitlan,Atitlan_688_1616,2418
Atitlan,Atitlan_688_1617,4220
Atitlan,Atitlan_688_1618,1558
Atitlan,Atitlan_688_1623,2204
Atitlan,Atitlan_688_1624,4120
Atitlan,Atitlan_688_1625,4036
Atitlan,Atitlan_688_1626,4438
Atitlan,Atitlan_688_1627,4487
Atitlan,Atitlan_688_1628,1365
Atitlan,Atitlan_689_1614,1
Atitlan,Atitlan_689_1615,2
Atitlan,Atitlan_689_1616,39
Atitlan,Atitlan_689_1617,2109
Atitlan,Atitlan_689_1618,4324
Atitlan,Atitlan_689_1619,2265
Atitlan,Atitlan_689_1620,436
Atitlan,Atitlan_689_1621,1172
Atitlan,Atitlan_689_1622,2432
Atitlan,Atitlan_689_1623,4328
Atitlan,Atitlan_689_1624,4400
Atitlan,Atitlan_689_1625,4400
Atitlan,Atitlan_689_1626,4386
Atitlan,Atitlan_689_1627,4617
Atitlan,Atitlan_689_1628,3861
Atitlan,Atitlan_689_1629,669
Atitlan,Atitlan_690_1618,783
Atitlan,Atitlan_690_1619,1361
Atitlan,Atitlan_690_1620,2310
Atitlan,Atitlan_690_1621,3939
Atitlan,Atitlan_690_1622,4400
Atitlan,Atitlan_690_1623,4411
Atitlan,Atitlan_690_1624,4466
Atitlan,Atitlan_690_1625,4400
Atitlan,Atitlan_690_1626,4400
Atitlan,Atitlan_690_1627,4444
Atitlan,Atitlan_690_1628,4548
Atitlan,Atitlan_690_1629,812
Atitlan,Atitlan_691_1621,1904
Atitlan,Atitlan_691_1622,4400
Atitlan,Atitlan_691_1623,4400
Atitlan,Atitlan_691_1624,4455
Atitlan,Atitlan_691_1625,4422
Atitlan,Atitlan_691_1626,4400
Atitlan,Atitlan_691_1627,4400
Atitlan,Atitlan_691_1628,4576
Atitlan,Atitlan_691_1629,3026
Atitlan,Atitlan_692_1621,297
Atitlan,Atitlan_692_1622,3754
Atitlan,Atitlan_692_1623,4400
Atitlan,Atitlan_692_1624,4400
Atitlan,Atitlan_692_1625,4477
Atitlan,Atitlan_692_1626,4400
Atitlan,Atitlan_692_1627,4400
Atitlan,Atitlan_692_1628,4400
Atitlan,Atitlan_692_1629,4296
Atitlan,Atitlan_692_1630,456
Atitlan,Atitlan_693_1616,31
Atitlan,Atitlan_693_1621,114
Atitlan,Atitlan_693_1622,3750
Atitlan,Atitlan_693_1623,4400
Atitlan,Atitlan_693_1624,4400
Atitlan,Atitlan_693_1625,4433
Atitlan,Atitlan_693_1626,4444
Atitlan,Atitlan_693_1627,4400
Atitlan,Atitlan_693_1628,4400
Atitlan,Atitlan_693_1629,4477
Atitlan,Atitlan_693_1630,1641
Atitlan,Atitlan_694_1617,1
Atitlan,Atitlan_694_1618,3
Atitlan,Atitlan_694_1622,554
Atitlan,Atitlan_694_1623,4444
Atitlan,Atitlan_694_1624,4400
Atitlan,Atitlan_694_1625,4397
Atitlan,Atitlan_694_1626,4475
Atitlan,Atitlan_694_1627,4411
Atitlan,Atitlan_694_1628,4400
Atitlan,Atitlan_694_1629,4400
Atitlan,Atitlan_694_1630,1849
Atitlan,Atitlan_695_1619,2
Atitlan,Atitlan_695_1622,112
Atitlan,Atitlan_695_1623,4425
Atitlan,Atitlan_695_1624,4400
Atitlan,Atitlan_695_1625,4375
Atitlan,Atitlan_695_1626,4391
Atitlan,Atitlan_695_1627,4477
Atitlan,Atitlan_695_1628,4400
Atitlan,Atitlan_695_1629,4400
Atitlan,Atitlan_695_1630,1988
Atitlan,Atitlan_696_1620,1
Atitlan,Atitlan_696_1622,43
Atitlan,Atitlan_696_1623,3954
Atitlan,Atitlan_696_1624,4543
Atitlan,Atitlan_696_1625,4388
Atitlan,Atitlan_696_1626,4400
Atitlan,Atitlan_696_1627,4433
Atitlan,Atitlan_696_1628,4455
Atitlan,Atitlan_696_1629,4400
Atitlan,Atitlan_696_1630,2814
Atitlan,Atitlan_696_1631,77
Atitlan,Atitlan_697_1617,1
Atitlan,Atitlan_697_1622,978
Atitlan,Atitlan_697_1623,3615
Atitlan,Atitlan_697_1624,4598
Atitlan,Atitlan_697_1625,4422
Atitlan,Atitlan_697_1626,4400
Atitlan,Atitlan_697_1627,4400
Atitlan,Atitlan_697_1628,4466
Atitlan,Atitlan_697_1629,4422
Atitlan,Atitlan_697_1630,3261
Atitlan,Atitlan_697_1631,433
Atitlan,Atitlan_698_1621,382
Atitlan,Atitlan_698_1622,3745
Atitlan,Atitlan_698_1623,4312
Atitlan,Atitlan_698_1624,4400
Atitlan,Atitlan_698_1625,4620
Atitlan,Atitlan_698_1626,4400
Atitlan,Atitlan_698_1627,4400
Atitlan,Atitlan_698_1628,4389
Atitlan,Atitlan_698_1629,2931
Atitlan,Atitlan_699_1619,29
Atitlan,Atitlan_699_1620,183
Atitlan,Atitlan_699_1621,3902
Atitlan,Atitlan_699_1622,4403
Atitlan,Atitlan_699_1623,4268
Atitlan,Atitlan_699_1624,4389
Atitlan,Atitlan_699_1625,4488
Atitlan,Atitlan_699_1626,4532
Atitlan,Atitlan_699_1627,4400
Atitlan,Atitlan_699_1628,4400
Atitlan,Atitlan_699_1629,2031
Atitlan,Atitlan_699_1630,5
Atitlan,Atitlan_699_1631,12
Atitlan,Atitlan_700_1617,1
Atitlan,Atitlan_700_1618,201
Atitlan,Atitlan_700_1619,2543
Atitlan,Atitlan_700_1620,3901
Atitlan,Atitlan_700_1621,4400
Atitlan,Atitlan_700_1622,4592
Atitlan,Atitlan_700_1623,4422
Atitlan,Atitlan_700_1624,4268
Atitlan,Atitlan_700_1625,4400
Atitlan,Atitlan_700_1626,4598
Atitlan,Atitlan_700_1627,4389
Atitlan,Atitlan_700_1628,1724
Atitlan,Atitlan_700_1631,3
Atitlan,Atitlan_701_1616,1
Atitlan,Atitlan_701_1617,6
Atitlan,Atitlan_701_1618,2
Atitlan,Atitlan_701_1619,44
Atitlan,Atitlan_701_1620,591
Atitlan,Atitlan_701_1621,3487
Atitlan,Atitlan_701_1622,4400
Atitlan,Atitlan_701_1623,4620
Atitlan,Atitlan_701_1624,4323
Atitlan,Atitlan_701_1625,4191
Atitlan,Atitlan_701_1626,1502
Atitlan,Atitlan_701_1627,460
Atitlan,Atitlan_702_1618,1
Atitlan,Atitlan_702_1621,1295
Atitlan,Atitlan_702_1622,3620
Atitlan,Atitlan_702_1623,3252
Atitlan,Atitlan_702_1624,2611
Atitlan,Atitlan_702_1625,1989
Atitlan,Atitlan_702_1626,5
Atitlan,Atitlan_702_1628,2
Atitlan,Atitlan_703_1614,32
Atitlan,Atitlan_703_1615,14
Atitlan,Atitlan_703_1616,24
Atitlan,Atitlan_703_1617,8
Atitlan,Atitlan_703_1621,1
Atitlan,Atitlan_703_1622,3
Atitlan,Atitlan_703_1624,12
Atitlan,Atitlan_704_1614,3
Atitlan,Atitlan_704_1615,3
Atitlan,Atitlan_704_1616,1
Atitlan,Atitlan_704_1617,5
Atitlan,Atitlan_704_1618,86
Atitlan,Atitlan_704_1619,1
Atitlan,Atitlan_704_1629,1
Atitlan,Atitlan_704_1630,2
Atitlan,Atitlan_705_1614,11
Atitlan,Atitlan_705_1615,2
Atitlan,Atitlan_705_1616,1
Atitlan,Atitlan_705_1617,10
Atitlan,Atitlan_705_1618,153
Atitlan,Atitlan_705_1619,8
Atitlan,Atitlan_705_1620,1
Atitlan,Atitlan_705_1621,3
Atitlan,Atitlan_705_1629,3
Atitlan,Atitlan_706_1614,27
Atitlan,Atitlan_706_1615,74
Atitlan,Atitlan_706_1619,133
Atitlan,Atitlan_706_1620,1
Atitlan,Atitlan_706_1622,2
Atitlan,Atitlan_706_1623,12
Atitlan,Atitlan_706_1624,1
Atitlan,Atitlan_706_1625,2
Atitlan,Atitlan_706_1630,3
Atitlan,Atitlan_707_1615,201
Atitlan,Atitlan_707_1616,4
Atitlan,Atitlan_707_1617,1
Atitlan,Atitlan_707_1619,4
Atitlan,Atitlan_707_1623,1
Atitlan,Atitlan_707_1624,6
Atitlan,Atitlan_707_1625,4
